<?xml version="1.0" encoding="utf-8"?>
<Defs>

    <ThingDef Class="CombatExtended.AmmoDef" ParentName="81mmMortarShellBaseCraftableBase">
        <defName>TRAHS_81mmMortarShell_MR</defName>
        <label>81mm mortar shell (MR)</label>
        <graphicData>
            <texPath>TRAHS/Things/Ammo/Mortar/MR</texPath>
            <graphicClass>Graphic_StackCount</graphicClass>
        </graphicData>
        <statBases>
            <MarketValue>55.09</MarketValue>
            <Mass>5.27</Mass>
            <Bulk>8.17</Bulk>
        </statBases>
        <ammoClass>GrenadeHE</ammoClass>
        <detonateProjectile>TRAHS_Bullet_81mmMortarShell_MR</detonateProjectile>
    </ThingDef>

    <ThingDef ParentName="Base81mmMortarShell">
        <defName>TRAHS_Bullet_81mmMortarShell_MR</defName>
        <label>81mm mortar shell (MR)</label>
        <graphicData>
            <texPath>Things/Projectile/Mortar/HE</texPath>
            <graphicClass>Graphic_Single</graphicClass>
        </graphicData>
        <thingClass>Rarr.ProjectileCE_ManhuntingRatShell</thingClass>
        <projectile Class="CombatExtended.ProjectilePropertiesCE">
            <damageDef>Smoke</damageDef>
            <damageAmountBase>0</damageAmountBase>
            <armorPenetrationSharp>0</armorPenetrationSharp>
            <armorPenetrationBlunt>0</armorPenetrationBlunt>
            <explosionRadius>2.5</explosionRadius>
            <flyOverhead>true</flyOverhead>
            <soundExplode>MortarBomb_Explode</soundExplode>
            <applyDamageToExplosionCellsNeighbors>true</applyDamageToExplosionCellsNeighbors>
            <ai_IsIncendiary>true</ai_IsIncendiary>
        </projectile>
      </ThingDef> 

      <RecipeDef ParentName="AmmoRecipeBase">
        <defName>MakeTRAHS_81mmMortarShell_MR</defName>
        <label>make 81mm MR mortar shells x5</label>
        <description>Craft 5 81mm MR mortar shells.</description>
        <jobString>Making 81mm MR mortar shells.</jobString>
        <ingredients>
          <li>
            <filter>
              <thingDefs>
                <li>Steel</li>
              </thingDefs>
            </filter>
            <count>54</count>
          </li>
          <li>
            <filter>
              <thingDefs>
                <li>Meat_Rat</li>
              </thingDefs>
            </filter>
            <count>30</count>
          </li>
          <li>
            <filter>
              <thingDefs>
                <li>FSX</li>
              </thingDefs>
            </filter>
            <count>10</count>
          </li>
          <li>
            <filter>
              <thingDefs>
                <li>ComponentIndustrial</li>
              </thingDefs>
            </filter>
            <count>2</count>
          </li>
        </ingredients>
        <fixedIngredientFilter>
          <thingDefs>
            <li>Steel</li>
            <li>Meat_Rat</li>
            <li>ComponentIndustrial</li>
          </thingDefs>
        </fixedIngredientFilter>
        <products>
          <Shell_HighExplosive>5</Shell_HighExplosive>
        </products>
        <workAmount>10600</workAmount>
      </RecipeDef>

</Defs>